"Date","Site.","Day.number","Plot.number","Plot.Coordinates","Plot.bearing","subjective","Notes"
2019-06-12,"401 Trail",1,1,"38.59126, 107.00159",310,"","I adjusted the site boundaries on the ground, and haphazardly chose plot locations"
2019-06-12,"401 Trail",1,2,"38.59142, 107.00160",55,"",""
2019-06-12,"401 Trail",1,3,"38.59198, 107.00139",40,"",""
2019-06-12,"401 Trail",1,4,"38.59195, 107.00114",35,"",""
2019-06-12,"401 Trail",1,5,"38.59181, 107.00147",255,"",""
2019-06-12,"401 Trail",1,6,"38.59152, 107.00202",265,"",""
2019-06-13,"Bellview Lower",1,1,"38.59765, 107.00423",330,"","I adjusted the site boundaries on the ground, and haphazardly chose plot locations"
2019-06-13,"Bellview Lower",1,2,"38.59804, 107.00426",65,"",""
2019-06-13,"Bellview Lower",1,3,"38.59837, 107.00423",110,"",""
2019-06-13,"Bellview Lower",1,4,"38.59836, 107.00378",165,"",""
2019-06-13,"Bellview Lower",1,5,"38.59818, 107.00353",250,"",""
2019-06-13,"Bellview Lower",1,6,"38.59791, 107.00376",185,"",""
2019-06-06,"Snodgrass Lower",1,1,"c(-107.006523776699, 38.9975769013355)",NA,"",""
2019-06-06,"Snodgrass Lower",1,2,"c(-107.003720078527, 38.9974346223021)",NA,"",""
2019-06-06,"Snodgrass Lower",1,3,"c(-107.003884653215, 38.9988015064379)",NA,"",""
2019-06-06,"Snodgrass Lower",1,4,"c(-107.006212448193, 38.9975495788067)",NA,"",""
2019-06-06,"Snodgrass Lower",1,5,"c(-107.004748856963, 38.997598007124)",NA,"",""
2019-06-06,"Snodgrass Lower",1,6,"c(-107.004528111859, 38.999187894528)",NA,"",""
2019-06-07,"Kettle Ponds",1,1,"c(-106.97212272474, 38.9432982749744)",NA,"",""
2019-06-07,"Kettle Ponds",1,2,"c(-106.971566752443, 38.9440367806978)",NA,"",""
2019-06-07,"Kettle Ponds",1,3,"c(-106.972317199908, 38.9449593556068)",NA,"",""
2019-06-07,"Kettle Ponds",1,4,"c(-106.972598242671, 38.9439204504149)",NA,"",""
2019-06-07,"Kettle Ponds",1,5,"c(-106.973194154033, 38.9445249620425)",NA,"",""
2019-06-07,"Kettle Ponds",1,6,"c(-106.971093447811, 38.9449101536139)",NA,"",""
2019-06-08,"Snodgrass Lower",2,1,"c(-106.971349954672, 38.9193484869058)",NA,"",""
2019-06-08,"Snodgrass Lower",2,2,"c(-106.971252558039, 38.9199794308825)",NA,"",""
2019-06-08,"Snodgrass Lower",2,3,"c(-106.971818023518, 38.920052066969)",NA,"",""
2019-06-08,"Snodgrass Lower",2,4,"c(-106.970942987988, 38.9200458995359)",NA,"",""
2019-06-08,"Snodgrass Lower",2,5,"c(-106.970708189448, 38.919993270862)",NA,"",""
2019-06-08,"Snodgrass Lower",2,6,"c(-106.971332446149, 38.9205825995011)",NA,"",""
2019-06-10,"Kettle Ponds",2,6,"c(-106.972970455139, 38.9433992578009)",NA,"",""
2019-06-11,"Snodgrass Lower",3,1,"c(-106.971053441137, 38.9194235515081)",90,"",""
2019-06-11,"Snodgrass Lower",3,2,"c(-106.971626727633, 38.9193046871164)",215,"",""
2019-06-11,"Snodgrass Lower",3,3,"c(-106.971355918305, 38.9193610106817)",20,"",""
2019-06-11,"Snodgrass Lower",3,4,"c(-106.970687567532, 38.9207975869284)",45,"",""
2019-06-11,"Snodgrass Lower",3,5,"c(-106.971383924073, 38.9206107325283)",165,"",""
2019-06-11,"Snodgrass Lower",3,6,"c(-106.970799688596, 38.9201906214355)",340,"",""
2019-06-14,"401 Trail",2,1,"c(-107.003252902221, 38.9859261692079)",310,"",""
2019-06-14,"401 Trail",2,2,"c(-107.002851519046, 38.9852977822611)",285,"",""
2019-06-14,"401 Trail",2,3,"c(-107.003489551481, 38.9854439129841)",100,"",""
2019-06-14,"401 Trail",2,4,"c(-107.003885219788, 38.9851082607597)",315,"",""
2019-06-14,"401 Trail",2,5,"c(-107.003495208047, 38.9851944269162)",215,"",""
2019-06-14,"401 Trail",2,6,"c(-107.003014583505, 38.9859727531795)",130,"",""
2019-06-17,"Bellview Lower",2,2,"c(-107.006587824484, 38.9950817984586)",280,"",""
2019-06-19,"401 Trail",3,1,"c(-107.00211355965, 38.9858295089944)",190,"",""
2019-06-19,"401 Trail",3,2,"c(-107.001902731985, 38.9861925658604)",275,"",""
2019-06-19,"401 Trail",3,3,"c(-107.003485715006, 38.984967781772)",235,"",""
2019-06-19,"401 Trail",3,4,"c(-107.00383318421, 38.9853231190367)",40,"",""
2019-06-19,"401 Trail",3,5,"c(-107.004308132727, 38.9847022701795)",310,"",""
2019-06-19,"401 Trail",3,6,"-107.00370, 38.98507",0,"t",""
2019-06-24,"Waterfall",1,1,"-107.00753, 38.59656",155,"",""
2019-06-24,"Waterfall",1,2,"-107.00743, 38.59702",140,"",""
2019-06-24,"Waterfall",1,3,"-107.00741, 38.59659",10,"",""
2019-06-24,"Waterfall",1,4,"-107.00759, 38.59691",55,"t",""
2019-06-24,"Waterfall",1,5,"-107.00702, 38.59694",280,"",""
2019-06-24,"Waterfall",1,6,"-107.00709, 38.59724",185,"",""
2019-06-21,"401 Trail",4,1,"c(-107.002169556387, 38.9863624206887)",135,"",""
2019-06-21,"401 Trail",4,2,"c(-107.002422120474, 38.9858856914285)",125,"",""
2019-06-21,"401 Trail",4,3,"c(-107.002248896788, 38.9857203646508)",65,"",""
2019-06-21,"401 Trail",4,4,"c(-107.003939404514, 38.9858514401607)",95,"",""
2019-06-21,"401 Trail",4,5,"c(-107.003843176489, 38.9847047554154)",295,"",""
2019-06-21,"401 Trail",4,6,"38.59188, -107.00128",200,"t",""
2019-06-25,"401 Trail",5,1,"c(-107.001839014225, 38.9858702463325)",240,"",""
2019-06-25,"401 Trail",5,2,"c(-107.003442710029, 38.9850861791212)",315,"",""
2019-06-25,"401 Trail",5,3,"c(-107.001565274153, 38.9865798582239)",260,"",""
2019-06-25,"401 Trail",5,4,"c(-107.00420427161, 38.9851924622179)",235,"",""
2019-06-25,"401 Trail",5,5,"c(-107.003453772976, 38.9860970780131)",195,"",""
2019-06-25,"401 Trail",5,6,"38.98633, -107.00257",85,"t",""
2019-06-26,"Waterfall",2,1,"-107.04757, 38.593938",135,"",""
2019-06-26,"Waterfall",2,2,"-107.99421, 38.99421",175,"",""
2019-06-26,"Waterfall",2,3,"-107.01186, 38.99490",100,"",""
2019-06-26,"Waterfall",2,4,"-107.01254, 38.99423",115,"",""
2019-06-26,"Waterfall",2,5,"-107.01192, 38.99482",340,"",""
2019-06-26,"Waterfall",2,6,"-107.01196, 38.99480",185,"t",""
2019-06-20,"Bellview Lower",3,2,"c(-107.006280418655, 38.9975826888303)",NA,"",""
2019-06-27,"401 Trail",6,1,"c(-107.001896483801, 38.9857575406383)",25,"",""
2019-06-27,"401 Trail",6,2,"c(-107.003567245752, 38.9853359116865)",195,"",""
2019-06-27,"401 Trail",6,3,"c(-107.002634789531, 38.9856420296632)",285,"",""
2019-06-27,"401 Trail",6,4,"c(-107.00371721263, 38.9855901089054)",80,"",""
2019-06-27,"401 Trail",6,5,"c(-107.00265599302, 38.9860008742991)",95,"",""
2019-06-27,"401 Trail",6,6,"38.986244, -107.002862",245,"t",""
2019-06-28,"Waterfall",3,1,"38.99451, -107.01309",10,"",""
2019-06-28,"Waterfall",3,2,"38.99444, -107.01280",30,"",""
2019-06-28,"Waterfall",3,3,"38.99449, -107.01218",95,"",""
2019-06-28,"Waterfall",3,4,"38.99503, -107.01212",55,"",""
2019-06-28,"Waterfall",3,5,"38.99467, -107.01130",325,"",""
2019-06-28,"Waterfall",3,6,"38.99490, -107.01246",235,"t",""
2019-07-01,"401 Trail",7,1,"c(-107.00308351768, 38.9850476549693)",245,"",""
2019-07-01,"401 Trail",7,2,"c(-107.004208889165, 38.9851348209194)",145,"",""
2019-07-01,"401 Trail",7,3,"c(-107.00380234818, 38.9859603104905)",205,"",""
2019-07-01,"401 Trail",7,4,"c(-107.00217556593, 38.9862816314091)",45,"",""
2019-07-01,"401 Trail",7,5,"c(-107.002796032611, 38.9862182116203)",265,"",""
2019-07-01,"401 Trail",7,6,"38.986055, -107.003436",150,"t",""
2019-07-02,"Bean",1,1,"38.99802, -107.01562",310,"",""
2019-07-02,"Bean",1,2,"38.99897, -107.01511",65,"",""
2019-07-02,"Bean",1,3,"38.99797, -107.01473",350,"",""
2019-07-02,"Bean",1,4,"38.99831, -107.01474",295,"",""
2019-07-02,"Bean",1,5,"38.99829, -107.01523",160,"",""
2019-07-02,"Bean",1,6,"38.99876, -107.01553",280,"t",""
2019-07-02,"Waterfall",4,1,"",165,"",""
2019-07-02,"Waterfall",4,2,"",85,"",""
2019-07-02,"Waterfall",4,3,"",340,"",""
2019-07-02,"Waterfall",4,4,"",195,"",""
2019-07-02,"Waterfall",4,5,"",180,"",""
2019-07-02,"Waterfall",4,6,"",30,"t",""
2019-07-03,"401 Trail",8,1,"c(-107.004352730577, 38.985007446624)",340,"",""
2019-07-03,"401 Trail",8,2,"c(-107.002505018855, 38.9854323091237)",5,"",""
2019-07-03,"401 Trail",8,3,"c(-107.003098976888, 38.9856020507922)",310,"",""
2019-07-03,"401 Trail",8,4,"c(-107.003831022229, 38.9855884751143)",170,"",""
2019-07-03,"401 Trail",8,5,"c(-107.003631558117, 38.985333294819)",325,"",""
2019-07-03,"401 Trail",8,6,"38.985107, -107.004679",100,"t",""
2019-07-05,"Waterfall",5,1,"c(-107.011517830572, 38.9946388751527)",295,"",""
2019-07-05,"Waterfall",5,2,"c(-107.012588323335, 38.9943537720703)",75,"",""
2019-07-05,"Waterfall",5,3,"c(-107.013031989371, 38.9943898865532)",155,"",""
2019-07-05,"Waterfall",5,4,"c(-107.011760964133, 38.9945709962465)",315,"",""
2019-07-05,"Waterfall",5,5,"c(-107.011728950953, 38.9945371691139)",245,"",""
2019-07-05,"Waterfall",5,6,"38.994793. -107.011572",280,"",""
2019-07-05,"Bean",2,1,"c(-107.015825849353, 38.9985515589335)",332,"",""
2019-07-05,"Bean",2,2,"c(-107.01445187848, 38.9993454621)",267,"",""
2019-07-05,"Bean",2,3,"c(-107.015212170406, 38.9988141583539)",310,"",""
2019-07-05,"Bean",2,4,"c(-107.014906620795, 38.9986458195417)",298,"",""
2019-07-05,"Bean",2,5,"c(-107.014083701004, 38.9989752988741)",356,"",""
2019-07-05,"Bean",2,6,"38.998173, -107.01567",143,"",""
2019-07-06,"401 Trail",9,1,"c(-107.004113729335, 38.9848171436275)",230,"",""
2019-07-06,"401 Trail",9,2,"c(-107.002984676212, 38.9851295885396)",250,"",""
2019-07-06,"401 Trail",9,3,"c(-107.003720441349, 38.9847690477611)",325,"",""
2019-07-06,"401 Trail",9,4,"c(-107.001816262623, 38.9866129980552)",200,"",""
2019-07-06,"401 Trail",9,5,"c(-107.002625865259, 38.9861303103366)",165,"",""
2019-07-06,"401 Trail",9,6,"38.98532, -107.004015",275,"",""
2019-07-09,"Waterfall",6,1,"c(-107.012633315148, 38.995183977414)",30,"",""
2019-07-09,"Waterfall",6,2,"c(-107.012319041337, 38.9951342235431)",225,"",""
2019-07-09,"Waterfall",6,3,"c(-107.011919373379, 38.9944376676878)",165,"",""
2019-07-09,"Waterfall",6,4,"c(-107.012309305864, 38.9951673175125)",115,"",""
2019-07-09,"Waterfall",6,5,"c(-107.012570155242, 38.9946689814207)",125,"",""
2019-07-09,"Waterfall",6,6,"38.994423, -107.012314",75,"",""
2019-07-09,"Bean",3,1,"c(-107.014668588338, 38.9985200978083)",306,"",""
2019-07-09,"Bean",3,2,"c(-107.013853535196, 38.9985049783199)",332,"",""
2019-07-09,"Bean",3,3,"c(-107.014715861854, 38.9993352624161)",187,"",""
2019-07-09,"Bean",3,4,"c(-107.015050065968, 38.9992565625523)",49,"",""
2019-07-09,"Bean",3,5,"c(-107.016263335931, 38.9993589623059)",191,"",""
2019-07-09,"Bean",3,6,"38.998743, -107.015703",92,"",""
2019-07-10,"401 Trail",10,1,"c(-107.002262011834, 38.985463546636)",255,"",""
2019-07-10,"401 Trail",10,2,"c(-107.00311591648, 38.9852575223265)",355,"",""
2019-07-10,"401 Trail",10,3,"c(-107.003630395943, 38.9857834287636)",140,"",""
2019-07-10,"401 Trail",10,4,"c(-107.003539912512, 38.9853700352164)",250,"",""
2019-07-10,"401 Trail",10,5,"c(-107.002888216911, 38.9858716605944)",305,"",""
2019-07-10,"401 Trail",10,6,"38.985385, -107.003991",310,"",""
2019-07-11,"Bean",4,1,"c(-107.014230056621, 38.9989658848808)",268,"",""
2019-07-11,"Bean",4,2,"c(-107.014594855037, 38.9986352879307)",240,"",""
2019-07-11,"Bean",4,3,"c(-107.013950669694, 38.9989598395374)",159,"",""
2019-07-11,"Bean",4,4,"c(-107.015048245179, 38.9992110805589)",161,"",""
2019-07-11,"Bean",4,5,"c(-107.016283397263, 38.9990324717424)",109,"",""
2019-07-11,"Bean",4,6,"38.999011, -107.015567",113,"","correcty"
2019-07-11,"Waterfall",7,1,"c(-107.012272522206, 38.995021217621)",175,"",""
2019-07-11,"Waterfall",7,2,"c(-107.0133348099, 38.9947899596216)",10,"",""
2019-07-11,"Waterfall",7,3,"c(-107.012508253354, 38.9945851044627)",155,"",""
2019-07-11,"Waterfall",7,4,"c(-107.011975444225, 38.9948547254155)",275,"",""
2019-07-11,"Waterfall",7,5,"c(-107.011668090812, 38.9945159607166)",305,"",""
2019-07-11,"Waterfall",7,6,"38.994817, -107.012685",75,"",""
2019-07-12,"401 Trail",11,1,"c(-107.002150148557, 38.9861980082388)",245,"",""
2019-07-12,"401 Trail",11,2,"c(-107.001934165815, 38.9865476866418)",265,"",""
2019-07-12,"401 Trail",11,3,"c(-107.003025892898, 38.9855684669807)",55,"",""
2019-07-12,"401 Trail",11,4,"c(-107.001872548987, 38.9862176492445)",305,"",""
2019-07-12,"401 Trail",11,5,"c(-107.002820436496, 38.9855221154972)",300,"",""
2019-07-12,"401 Trail",11,6,"38.986018, -107.003441",150,"",""
2019-07-15,"Waterfall",8,1,"c(-107.013223386315, 38.9947134194507)",335,"",""
2019-07-15,"Waterfall",8,2,"c(-107.011910533738, 38.994595760509)",305,"",""
2019-07-15,"Waterfall",8,3,"c(-107.013336875991, 38.9944645512824)",150,"",""
2019-07-15,"Waterfall",8,4,"c(-107.011580049705, 38.9944870530894)",55,"",""
2019-07-15,"Waterfall",8,5,"c(-107.012070687894, 38.9946750024067)",255,"",""
2019-07-15,"Waterfall",8,6,"38.994847, -107.012663",85,"",""
2019-07-17,"Waterfall",9,1,"c(-107.011411155463, 38.9950646066516)",310,"",""
2019-07-17,"Waterfall",9,2,"c(-107.012544226766, 38.9940913557431)",230,"",""
2019-07-17,"Waterfall",9,3,"c(-107.012276070159, 38.9938818509927)",195,"",""
2019-07-17,"Waterfall",9,4,"c(-107.011573474243, 38.9944822840765)",315,"",""
2019-07-17,"Waterfall",9,5,"c(-107.013033816844, 38.9950298487706)",225,"",""
2019-07-17,"Waterfall",9,6,"",130,"",""
2019-07-19,"Waterfall",10,1,"c(-107.012853150584, 38.994952091454)",160,"",""
2019-07-19,"Waterfall",10,2,"c(-107.01212157229, 38.9946032809162)",295,"",""
2019-07-19,"Waterfall",10,3,"c(-107.011351239755, 38.9946711320238)",255,"",""
2019-07-19,"Waterfall",10,4,"c(-107.013304185078, 38.9944837222863)",325,"",""
2019-07-19,"Waterfall",10,5,"c(-107.011863948581, 38.9953459266074)",170,"",""
2019-07-19,"Waterfall",10,6,"38.994824, -107.012570",110,"",""
2019-07-15,"Bean",5,1,"c(-107.014545557386, 38.9994348191866)",100,"",""
2019-07-15,"Bean",5,2,"c(-107.016348170631, 38.9991579541696)",199,"",""
2019-07-15,"Bean",5,3,"c(-107.014590815093, 38.9988494103556)",79,"",""
2019-07-15,"Bean",5,4,"c(-107.013766335486, 38.9988006403543)",270,"",""
2019-07-15,"Bean",5,5,"c(-107.01538772065, 38.9982131418163)",72,"",""
2019-07-15,"Bean",5,6,"38_59’55”, 107_00’54”",90,"",""
2019-07-16,"401 Trail",NA,1,"38.985551, -107.004481",85,"","Forgot to enter coordinates, so these are haphazard"
2019-07-16,"401 Trail",NA,2,"38.985766, -107.004110",95,"","Forgot to enter coordinates, so these are haphazard"
2019-07-16,"401 Trail",NA,3,"38.985496, -107.003353",185,"","Forgot to enter coordinates, so these are haphazard"
2019-07-16,"401 Trail",NA,4,"38.985758, -107.002949",35,"","Forgot to enter coordinates, so these are haphazard"
2019-07-16,"401 Trail",NA,5,"38.986063, -107.002859",290,"","Forgot to enter coordinates, so these are haphazard"
2019-07-16,"401 Trail",NA,6,"38.985418, -107.004034",190,"","Forgot to enter coordinates, so these are haphazard"
2019-07-18,"401 Trail",12,1,"c(-107.002551420751, 38.9863076910503)",225,"",""
2019-07-18,"401 Trail",12,2,"c(-107.003623223589, 38.9860055727131)",85,"",""
2019-07-18,"401 Trail",12,3,"c(-107.00177310286, 38.9863318667165)",230,"",""
2019-07-18,"401 Trail",12,4,"c(-107.002695958153, 38.9856576547769)",260,"",""
2019-07-18,"401 Trail",12,5,"c(-107.002725746018, 38.9855161356661)",310,"",""
2019-07-18,"401 Trail",12,6,"38.985245, -107.003972",145,"",""
2019-07-17,"Bean",6,1,"c(-107.014694447514, 38.9981458987617)",310,"",""
2019-07-17,"Bean",6,2,"c(-107.015294396714, 38.9988820999241)",283,"",""
2019-07-17,"Bean",6,3,"c(-107.014360011762, 38.9988004049531)",7,"",""
2019-07-17,"Bean",6,4,"c(-107.015189462403, 38.9990172828655)",19,"",""
2019-07-17,"Bean",6,5,"c(-107.016309036091, 38.9986976995316)",373,"",""
2019-07-17,"Bean",6,6,"38_59’51”, -107_00’51”",324,"",""
2019-07-21,"401 Trail",13,1,"c(-107.002470635043, 38.9862551557584)",175,"",""
2019-07-21,"401 Trail",13,2,"c(-107.004327398202, 38.9851130484817)",135,"",""
2019-07-21,"401 Trail",13,3,"c(-107.003517693539, 38.9855195250432)",155,"",""
2019-07-21,"401 Trail",13,4,"c(-107.003612901477, 38.9857344378119)",230,"",""
2019-07-21,"401 Trail",13,5,"c(-107.004615188842, 38.9852731519523)",60,"",""
2019-07-21,"401 Trail",13,6,"",75,"",""
2019-07-22,"Waterfall",11,1,"c(-107.011804236506, 38.9949344977948)",340,"","correcty"
2019-07-22,"Waterfall",11,2,"c(-107.01270938814, 38.9948483719807)",145,"",""
2019-07-22,"Waterfall",11,3,"c(-107.012650481009, 38.9945299392072)",205,"",""
2019-07-22,"Waterfall",11,4,"c(-107.012984921064, 38.9945625460752)",215,"",""
2019-07-22,"Waterfall",11,5,"c(-107.012294310076, 38.9943552756031)",165,"",""
2019-07-22,"Waterfall",11,6,"38.994590, -107.012357",40,"",""
2019-07-22,"Bean",7,1,"c(-107.016462338162, 38.9989710357585)",309,"",""
2019-07-22,"Bean",7,2,"c(-107.016370932915, 38.9993019508361)",250,"",""
2019-07-22,"Bean",7,3,"c(-107.014457904664, 38.9984912627565)",310,"",""
2019-07-22,"Bean",7,4,"c(-107.014714163473, 38.9983508202906)",295,"",""
2019-07-22,"Bean",7,5,"c(-107.014550777057, 38.9980816234876)",144,"",""
2019-07-22,"Bean",7,6,"38_59’54”, 107_00’55”",300,"",""
2019-07-23,"401 Trail",14,1,"38.984866, -107.003980",65,"",""
2019-07-23,"401 Trail",14,2,"38.985190, -107.003437",210,"",""
2019-07-23,"401 Trail",14,3,"38.985475, -107.002365",95,"",""
2019-07-23,"401 Trail",14,4,"38.986160, -107.002421",315,"",""
2019-07-23,"401 Trail",14,5,"38.986335, -107.002266",75,"",""
2019-07-23,"401 Trail",14,6,"38.986050, -107.002990",305,"",""
2019-07-24,"Bean",8,1,"c(-107.014808247901, 38.9979450060313)",230,"",""
2019-07-24,"Bean",8,2,"c(-107.015541266304, 38.9985699446291)",297,"",""
2019-07-24,"Bean",8,3,"c(-107.01490007864, 38.9992422608499)",180,"",""
2019-07-24,"Bean",8,4,"c(-107.014638328385, 38.9990472156697)",241,"",""
2019-07-24,"Bean",8,5,"c(-107.016061686525, 38.9989361777797)",261,"",""
2019-07-24,"Bean",8,6,"38_59’57”, 107_00’56”",195,"","correcty"
2019-07-24,"Waterfall",12,1,"c(-107.013326018691, 38.9946506214242)",135,"",""
2019-07-24,"Waterfall",12,2,"c(-107.012490597924, 38.9943647422496)",10,"",""
2019-07-24,"Waterfall",12,3,"c(-107.011866989093, 38.9949912694723)",40,"",""
2019-07-24,"Waterfall",12,4,"c(-107.012263741478, 38.9941484557256)",325,"",""
2019-07-24,"Waterfall",12,5,"c(-107.011387260365, 38.9945588011804)",345,"",""
2019-07-24,"Waterfall",12,6,"38.994854, -107.012308",230,"",""
2019-07-25,"401 Trail",15,1,"c(-107.002005795212, 38.9866047389661)",NA,"",""
2019-07-25,"401 Trail",15,2,"c(-107.004280110204, 38.9852736049123)",105,"",""
2019-07-25,"401 Trail",15,3,"c(-107.003432738609, 38.9854698077777)",NA,"",""
2019-07-25,"401 Trail",15,4,"c(-107.004441733188, 38.9851101766082)",NA,"",""
2019-07-25,"401 Trail",15,5,"c(-107.004405922263, 38.9853594598182)",15,"",""
2019-07-25,"401 Trail",15,6,"",NA,"",""
2019-07-28,"401 Trail",16,1,"c(-107.002949579099, 38.9853546292868)",315,"",""
2019-07-28,"401 Trail",16,2,"c(-107.002226467477, 38.9861311633028)",170,"",""
2019-07-28,"401 Trail",16,3,"c(-107.003415931709, 38.9855707878134)",215,"",""
2019-07-28,"401 Trail",16,4,"c(-107.003255185236, 38.9850780928458)",255,"",""
2019-07-28,"401 Trail",16,5,"c(-107.003539237709, 38.9853419306286)",220,"",""
2019-07-28,"401 Trail",16,6,"38.98596. -107.00365",225,"",""
2019-07-29,"Bean",9,1,"c(-107.015776668668, 38.9984429801116)",95,"",""
2019-07-29,"Bean",9,2,"c(-107.014543828598, 38.9993606995581)",356,"",""
2019-07-29,"Bean",9,3,"c(-107.016201027264, 38.9988116855179)",297,"",""
2019-07-29,"Bean",9,4,"c(-107.016297438205, 38.9991134615669)",270,"",""
2019-07-29,"Bean",9,5,"c(-107.014537089487, 38.998453378935)",8,"",""
2019-07-29,"Bean",9,6,"38_59’57”, 107_00’57”",94,"",""
2019-07-29,"Waterfall",13,1,"c(-107.011648564459, 38.9952174307933)",220,"",""
2019-07-29,"Waterfall",13,2,"c(-107.012513855197, 38.9947872226112)",235,"",""
2019-07-29,"Waterfall",13,3,"c(-107.012428218158, 38.9951533331234)",35,"",""
2019-07-29,"Waterfall",13,4,"c(-107.013329204631, 38.9947723652564)",135,"",""
2019-07-29,"Waterfall",13,5,"c(-107.013038757116, 38.9942002047202)",250,"",""
2019-07-29,"Waterfall",13,6,"38.994459, -107.011800",240,"",""
2019-07-30,"401 Trail",17,1,"c(-107.002367528854, 38.9863901036321)",95,"",""
2019-07-30,"401 Trail",17,2,"c(-107.001758604743, 38.9867463316005)",155,"",""
2019-07-30,"401 Trail",17,3,"c(-107.004088583316, 38.9847254534324)",250,"",""
2019-07-30,"401 Trail",17,4,"c(-107.002441933334, 38.9862518647802)",235,"",""
2019-07-30,"401 Trail",17,5,"c(-107.004340835172, 38.9856598771225)",145,"",""
2019-07-30,"401 Trail",17,6,"38.986070, -107.003031",275,"",""
2019-07-31,"Bean",10,1,"c(-107.014130557998, 38.9990751339105)",67,"",""
2019-07-31,"Bean",10,2,"c(-107.0141482752, 38.9989940759851)",205,"",""
2019-07-31,"Bean",10,3,"c(-107.016248938229, 38.9988932165351)",98,"",""
2019-07-31,"Bean",10,4,"c(-107.015347270084, 38.9983170144147)",118,"",""
2019-07-31,"Bean",10,5,"c(-107.014213687529, 38.9988134423352)",NA,"",""
2019-07-31,"Bean",10,6,"38_59’56”, -107_00’54”",58,"",""
2019-07-31,"Waterfall",14,1,"c(-107.012377704332, 38.9936307458754)",NA,"",""
2019-07-31,"Waterfall",14,2,"c(-107.012304521109, 38.9940598808648)",10,"",""
2019-07-31,"Waterfall",14,3,"c(-107.012179055908, 38.9948852747742)",145,"",""
2019-07-31,"Waterfall",14,4,"c(-107.011513590329, 38.9952602028795)",180,"",""
2019-07-31,"Waterfall",14,5,"c(-107.012603009596, 38.9952325954476)",355,"",""
2019-07-31,"Waterfall",14,6,"38.994767, -107.012710",75,"",""
2019-08-02,"401 Trail",18,1,"c(-107.004088628186, 38.98500674457)",192,"",""
2019-08-02,"401 Trail",18,2,"c(-107.001850700766, 38.9860290287784)",166,"",""
2019-08-02,"401 Trail",18,3,"c(-107.00252813165, 38.9860407828295)",152,"",""
2019-08-02,"401 Trail",18,4,"c(-107.004386613138, 38.9854131965537)",195,"",""
2019-08-02,"401 Trail",18,5,"c(-107.004395433621, 38.9851572350354)",93,"",""
2019-08-02,"401 Trail",18,6,"38.985605, -107.004061",70,"",""
2019-08-03,"Waterfall",15,1,"c(-107.013337367926, 38.9943098222556)",95,"",""
2019-08-03,"Waterfall",15,2,"c(-107.013366584782, 38.994796500802)",145,"",""
2019-08-03,"Waterfall",15,3,"c(-107.01175495751, 38.9952065457651)",260,"",""
2019-08-03,"Waterfall",15,4,"c(-107.012112249321, 38.9951475902245)",115,"",""
2019-08-03,"Waterfall",15,5,"c(-107.013308064716, 38.9941382998605)",30,"",""
2019-08-03,"Waterfall",15,6,"38.994755, -107.012625",65,"",""
2019-08-05,"401 Trail",19,1,"c(-107.003879629142, 38.9851540812483)",291,"",""
2019-08-05,"401 Trail",19,2,"c(-107.002786034008, 38.9858856164688)",302,"",""
2019-08-05,"401 Trail",19,3,"c(-107.003529889621, 38.985035750481)",207,"",""
2019-08-05,"401 Trail",19,4,"c(-107.002385974231, 38.9862897577476)",163,"",""
2019-08-05,"401 Trail",19,5,"c(-107.00187421919, 38.9863589225493)",32,"",""
2019-08-05,"401 Trail",19,6,"38.98547, -107.00363",283,"",""
2019-08-06,"Waterfall",16,1,"c(-107.012127681964, 38.9943803725825)",350,"",""
2019-08-06,"Waterfall",16,2,"c(-107.011892704514, 38.9945324617718)",250,"",""
2019-08-06,"Waterfall",16,3,"c(-107.012405263951, 38.9952628240914)",25,"",""
2019-08-06,"Waterfall",16,4,"c(-107.012539910704, 38.9952578467606)",125,"",""
2019-08-06,"Waterfall",16,5,"c(-107.013237842008, 38.9946063662733)",130,"",""
2019-08-06,"Waterfall",16,6,"38.994862, -107.012524",185,"",""
2019-08-07,"401 Trail",20,1,"c(-107.004174690584, 38.9846252035619)",24,"",""
2019-08-07,"401 Trail",20,2,"c(-107.00312305127, 38.9856029314295)",258,"",""
2019-08-07,"401 Trail",20,3,"c(-107.004007924485, 38.9857530015118)",180,"",""
2019-08-07,"401 Trail",20,4,"c(-107.003837345557, 38.9850215437768)",88,"",""
2019-08-07,"401 Trail",20,5,"c(-107.002589022868, 38.9853338032496)",30,"",""
2019-08-07,"401 Trail",20,6,"38.985430, -107.003939",65,"",""
2019-08-09,"401 Trail",21,1,"c(-107.001942211984, 38.9863722014245)",48,"",""
2019-08-09,"401 Trail",21,2,"c(-107.003835482341, 38.9851032047942)",150,"",""
2019-08-09,"401 Trail",21,3,"c(-107.004019804417, 38.9850952549267)",233,"",""
2019-08-09,"401 Trail",21,4,"c(-107.003762531216, 38.9856167766778)",32,"",""
2019-08-09,"401 Trail",21,5,"c(-107.001821014434, 38.9861109744976)",102,"",""
2019-08-09,"401 Trail",21,6,"38.985506, -107.004143",45,"",""
2019-08-08,"Waterfall",17,1,"c(-107.012205380742, 38.9945189395667)",170,"",""
2019-08-08,"Waterfall",17,2,"c(-107.012928540068, 38.9942739387662)",70,"",""
2019-08-08,"Waterfall",17,3,"c(-107.011655754405, 38.9951119509472)",220,"",""
2019-08-08,"Waterfall",17,4,"c(-107.011857504788, 38.9945069900114)",320,"",""
2019-08-08,"Waterfall",17,5,"c(-107.011433616124, 38.9949228709395)",150,"",""
2019-08-08,"Waterfall",17,6,"38.994723, -107.012684",85,"",""
2019-08-12,"Waterfall",18,1,"c(-107.012262891749, 38.9949589995288)",220,"",""
2019-08-12,"Waterfall",18,2,"c(-107.012292816538, 38.9950538720803)",115,"",""
2019-08-12,"Waterfall",18,3,"c(-107.011566611469, 38.9944079883017)",275,"",""
2019-08-12,"Waterfall",18,4,"c(-107.011492582395, 38.9948449461816)",300,"",""
2019-08-12,"Waterfall",18,5,"c(-107.01342680457, 38.9947366073107)",35,"",""
2019-08-12,"Waterfall",18,6,"38.994628, -107.012029",205,"",""
2019-08-13,"401 Trail",22,1,"c(-107.003119141785, 38.9861178843954)",254,"",""
2019-08-13,"401 Trail",22,2,"c(-107.002165650903, 38.9859032980262)",273,"",""
2019-08-13,"401 Trail",22,3,"c(-107.001864520303, 38.9866732287027)",68,"",""
2019-08-13,"401 Trail",22,4,"c(-107.002020028118, 38.9864680037586)",148,"",""
2019-08-13,"401 Trail",22,5,"c(-107.003790277489, 38.9851047593221)",222,"",""
2019-08-13,"401 Trail",22,6,"38.985212, -107.004345",340,"",""
2019-08-14,"Waterfall",19,1,"c(-107.011831683785, 38.9944076549908)",295,"",""
2019-08-14,"Waterfall",19,2,"c(-107.012736246156, 38.9941915850608)",145,"",""
2019-08-14,"Waterfall",19,3,"c(-107.011517816865, 38.9945955452136)",30,"",""
2019-08-14,"Waterfall",19,4,"c(-107.011650769824, 38.994339531002)",20,"",""
2019-08-14,"Waterfall",19,5,"c(-107.011946709226, 38.9952688168916)",335,"",""
2019-08-14,"Waterfall",19,6,"38.994670, -107.012141",185,"",""
2019-08-15,"401 Trail",23,1,"c(-107.002180037222, 38.986372360791)",205,"",""
2019-08-15,"401 Trail",23,2,"c(-107.004049404453, 38.9856338066197)",65,"",""
2019-08-15,"401 Trail",23,3,"c(-107.004138073872, 38.9853964648126)",145,"",""
2019-08-15,"401 Trail",23,4,"c(-107.001715349384, 38.9866229987718)",320,"",""
2019-08-15,"401 Trail",23,5,"c(-107.002308883412, 38.986085051083)",295,"",""
2019-08-15,"401 Trail",23,6,"38.985728, -107.003716",195,"",""
2019-08-16,"Waterfall",20,1,"c(-107.013121544587, 38.9948982570118)",250,"",""
2019-08-16,"Waterfall",20,2,"c(-107.011607039896, 38.9945505868032)",290,"",""
2019-08-16,"Waterfall",20,3,"c(-107.012738582882, 38.9946273735865)",175,"",""
2019-08-16,"Waterfall",20,4,"c(-107.012600047727, 38.9951667529011)",120,"",""
2019-08-16,"Waterfall",20,5,"c(-107.012700818099, 38.9950019882696)",105,"",""
2019-08-16,"Waterfall",20,6,"38.994455, -107.012007",300,"",""
2019-08-19,"401 Trail",24,1,"c(-107.004636859037, 38.985346996977)",125,"",""
2019-08-19,"401 Trail",24,2,"c(-107.004599227255, 38.9848869571785)",335,"",""
2019-08-19,"401 Trail",24,3,"c(-107.003002109182, 38.9855237475629)",265,"",""
2019-08-19,"401 Trail",24,4,"c(-107.001840347346, 38.986081222178)",280,"",""
2019-08-19,"401 Trail",24,5,"c(-107.004196899634, 38.9846609271474)",45,"",""
2019-08-19,"401 Trail",24,6,"38.985138, -107.004062",325,"",""
2019-08-20,"Waterfall",21,1,"c(-107.012620430311, 38.9950891383327)",40,"",""
2019-08-20,"Waterfall",21,2,"c(-107.013239544764, 38.9946116831923)",115,"",""
2019-08-20,"Waterfall",21,3,"c(-107.013277106764, 38.9946838552551)",25,"",""
2019-08-20,"Waterfall",21,4,"c(-107.012619674259, 38.9948642233953)",175,"",""
2019-08-20,"Waterfall",21,5,"c(-107.011292963706, 38.9947042553279)",265,"",""
2019-08-20,"Waterfall",21,6,"38.994569, -107.012202",100,"",""
2019-08-21,"401 Trail",25,1,"c(-107.002189216488, 38.9860916448516)",160,"",""
2019-08-21,"401 Trail",25,2,"c(-107.004481250956, 38.9851002400574)",180,"",""
2019-08-21,"401 Trail",25,3,"c(-107.003566716763, 38.985910822632)",205,"",""
2019-08-21,"401 Trail",25,4,"c(-107.002635796526, 38.9863452204587)",175,"",""
2019-08-21,"401 Trail",25,5,"c(-107.003994453139, 38.9853214556708)",10,"",""
2019-08-21,"401 Trail",25,6,"38.985446, -107.003919",310,"",""
2019-08-22,"Waterfall",22,1,"c(-107.013382882829, 38.9945400307516)",340,"",""
2019-08-22,"Waterfall",22,2,"c(-107.012668850942, 38.9939315700245)",290,"",""
2019-08-22,"Waterfall",22,3,"c(-107.012430529461, 38.9952839146372)",185,"",""
2019-08-22,"Waterfall",22,4,"c(-107.012260576996, 38.9950307104828)",115,"",""
2019-08-22,"Waterfall",22,5,"c(-107.012362237837, 38.9950329580113)",185,"",""
2019-08-22,"Waterfall",22,6,"38.994463, -107.012248",15,"",""
2019-08-23,"401 Trail",26,1,"c(-107.001715743515, 38.9865860157872)",NA,"",""
2019-08-23,"401 Trail",26,2,"c(-107.001793717381, 38.9865651793537)",NA,"",""
2019-08-23,"401 Trail",26,3,"c(-107.003634588401, 38.9852274238104)",215,"",""
2019-08-23,"401 Trail",26,4,"c(-107.00204331445, 38.9862511443182)",NA,"",""
2019-08-23,"401 Trail",26,5,"c(-107.004289170009, 38.9854489712855)",310,"",""
2019-08-23,"401 Trail",26,6,"",NA,"",""
2019-08-25,"Waterfall",23,1,"c(-107.011853506432, 38.9951372853126)",335,"",""
2019-08-25,"Waterfall",23,2,"c(-107.012217294323, 38.9951590450825)",320,"",""
2019-08-25,"Waterfall",23,3,"c(-107.012085235086, 38.9950809942699)",105,"",""
2019-08-25,"Waterfall",23,4,"c(-107.012685437074, 38.9944140416964)",130,"",""
2019-08-25,"Waterfall",23,5,"c(-107.013238390441, 38.9949348041933)",180,"",""
2019-08-25,"Waterfall",23,6,"38.994544, -107.012242",5,"",""
2019-08-26,"401 Trail",27,1,"c(-107.002907524912, 38.9851673575327)",135,"",""
2019-08-26,"401 Trail",27,2,"c(-107.002029714863, 38.9857157869941)",35,"",""
2019-08-26,"401 Trail",27,3,"c(-107.004286762546, 38.9850754691952)",25,"",""
2019-08-26,"401 Trail",27,4,"c(-107.003247490699, 38.9849998558663)",290,"",""
2019-08-26,"401 Trail",27,5,"c(-107.003406773204, 38.9854632242324)",190,"",""
2019-08-26,"401 Trail",27,6,"38.985614, -107.003641",275,"",""
2019-08-27,"Waterfall",24,1,"c(-107.012454616557, 38.9942762572717)",30,"",""
2019-08-27,"Waterfall",24,2,"c(-107.011827326937, 38.9954071175632)",250,"",""
2019-08-27,"Waterfall",24,3,"c(-107.012996447646, 38.9948060726544)",20,"",""
2019-08-27,"Waterfall",24,4,"c(-107.01228192774, 38.9937202307006)",290,"",""
2019-08-27,"Waterfall",24,5,"c(-107.011585718088, 38.9946796055656)",350,"",""
2019-08-27,"Waterfall",24,6,"38.994625, -107.012241",100,"",""
2019-08-28,"401 Trail",28,1,"c(-107.001659213456, 38.9860228679981)",285,"",""
2019-08-28,"401 Trail",28,2,"c(-107.004186291102, 38.9852143693637)",230,"",""
2019-08-28,"401 Trail",28,3,"c(-107.003477115514, 38.9854333134114)",115,"",""
2019-08-28,"401 Trail",28,4,"c(-107.00419834886, 38.9846110508726)",20,"",""
2019-08-28,"401 Trail",28,5,"c(-107.002262412065, 38.9856799767828)",175,"",""
2019-08-28,"401 Trail",28,6,"38.986186, -107.001795",35,"",""
2019-08-29,"Waterfall",25,1,"c(-107.012492410144, 38.9941142081369)",210,"",""
2019-08-29,"Waterfall",25,2,"c(-107.013325421983, 38.9948343915821)",55,"",""
2019-08-29,"Waterfall",25,3,"c(-107.01303376378, 38.9950105767119)",15,"",""
2019-08-29,"Waterfall",25,4,"c(-107.012459638448, 38.9950650655223)",340,"",""
2019-08-29,"Waterfall",25,5,"c(-107.013199116687, 38.994111503665)",20,"",""
2019-08-29,"Waterfall",25,6,"38.994625, -107.012241",140,"",""
2019-08-30,"401 Trail",29,1,"c(-107.001611739499, 38.986723384937)",NA,"",""
2019-08-30,"401 Trail",29,2,"c(-107.003753935265, 38.985936417078)",NA,"",""
2019-08-30,"401 Trail",29,3,"c(-107.003136191244, 38.9850507938384)",240,"",""
2019-08-30,"401 Trail",29,4,"c(-107.002130625509, 38.9864571643957)",NA,"",""
2019-08-30,"401 Trail",29,5,"c(-107.003174507989, 38.985116447922)",50,"",""
2019-08-30,"401 Trail",29,6,"38.986255, -107.001757",50,"",""
2019-08-31,"Waterfall",26,1,"c(-107.013283484826, 38.9942435590538)",120,"",""
2019-08-31,"Waterfall",26,2,"c(-107.012932938002, 38.9947538578688)",110,"",""
2019-08-31,"Waterfall",26,3,"c(-107.012853457241, 38.9940320379815)",40,"",""
2019-08-31,"Waterfall",26,4,"c(-107.011463031291, 38.9950503040664)",250,"",""
2019-08-31,"Waterfall",26,5,"c(-107.012434227359, 38.9952054437574)",35,"",""
2019-08-31,"Waterfall",26,6,"38.994564, -107.011875",245,"",""
2019-09-02,"401 Trail",30,1,"c(-107.004463381184, 38.9851946560686)",310,"",""
2019-09-02,"401 Trail",30,2,"c(-107.003992067434, 38.9854509286419)",320,"",""
2019-09-02,"401 Trail",30,3,"c(-107.001959000421, 38.9861234227163)",200,"",""
2019-09-02,"401 Trail",30,4,"c(-107.003703572987, 38.984966295845)",205,"",""
2019-09-02,"401 Trail",30,5,"c(-107.003306163801, 38.9850855421372)",315,"",""
2019-09-02,"401 Trail",30,6,"38.986256, -107.001756",170,"",""
2019-09-03,"Waterfall",27,1,"c(-107.011587582438, 38.994524922661)",265,"",""
2019-09-03,"Waterfall",27,2,"c(-107.013230089415, 38.9942335361362)",70,"",""
2019-09-03,"Waterfall",27,3,"c(-107.012199385037, 38.9938127813551)",265,"",""
2019-09-03,"Waterfall",27,4,"c(-107.013128025289, 38.9946041529663)",165,"",""
2019-09-03,"Waterfall",27,5,"c(-107.011679241543, 38.9946012799694)",100,"",""
2019-09-03,"Waterfall",27,6,"38.994611, -107.012218",130,"",""
2019-09-04,"401 Trail",31,1,"c(-107.003082760045, 38.985283421853)",45,"",""
2019-09-04,"401 Trail",31,2,"c(-107.002962399226, 38.9857048226474)",330,"",""
2019-09-04,"401 Trail",31,3,"c(-107.003910199828, 38.9857646064004)",60,"",""
2019-09-04,"401 Trail",31,4,"c(-107.003596169409, 38.984904054229)",315,"",""
2019-09-04,"401 Trail",31,5,"c(-107.003979938237, 38.9852226514809)",280,"",""
2019-09-04,"401 Trail",31,6,"38.986313, -107.001818",180,"",""
